{
  "address": "G5amgFciBWH5AMuc8af4prpZ11GWgscDPeuD4fBs9AcV",
  "metadata": {
    "name": "walawow_distributor",
    "version": "0.1.0",
    "spec": "0.1.0",
    "description": "distributor program for walawow_protocol"
  },
  "instructions": [
    {
      "name": "distribute",
      "docs": [
        "分配 USDC（核心逻辑）"
      ],
      "discriminator": [
        191,
        44,
        223,
        207,
        164,
        236,
        126,
        61
      ],
      "accounts": [
        {
          "name": "triggerer",
          "signer": true
        },
        {
          "name": "config",
          "writable": true,
          "pda": {
            "seeds": [
              {
                "kind": "const",
                "value": [
                  100,
                  105,
                  115,
                  116,
                  114,
                  105,
                  98,
                  117,
                  116,
                  111,
                  114,
                  45,
                  99,
                  111,
                  110,
                  102,
                  105,
                  103
                ]
              }
            ]
          }
        },
        {
          "name": "usdc_mint"
        },
        {
          "name": "distributor_vault",
          "writable": true
        },
        {
          "name": "pool_weekly",
          "writable": true
        },
        {
          "name": "pool_monthly",
          "writable": true
        },
        {
          "name": "pool_staking",
          "writable": true
        },
        {
          "name": "pool_liquidity",
          "writable": true
        },
        {
          "name": "pool_team",
          "writable": true
        },
        {
          "name": "distributor_authority",
          "pda": {
            "seeds": [
              {
                "kind": "const",
                "value": [
                  100,
                  105,
                  115,
                  116,
                  114,
                  105,
                  98,
                  117,
                  116,
                  111,
                  114,
                  45,
                  97,
                  117,
                  116,
                  104,
                  111,
                  114,
                  105,
                  116,
                  121
                ]
              },
              {
                "kind": "account",
                "path": "config"
              }
            ]
          }
        },
        {
          "name": "token_program"
        }
      ],
      "args": []
    },
    {
      "name": "initialize_config",
      "docs": [
        "初始化 distributor 配置"
      ],
      "discriminator": [
        208,
        127,
        21,
        1,
        194,
        190,
        196,
        70
      ],
      "accounts": [
        {
          "name": "admin",
          "writable": true,
          "signer": true
        },
        {
          "name": "config",
          "writable": true,
          "pda": {
            "seeds": [
              {
                "kind": "const",
                "value": [
                  100,
                  105,
                  115,
                  116,
                  114,
                  105,
                  98,
                  117,
                  116,
                  111,
                  114,
                  45,
                  99,
                  111,
                  110,
                  102,
                  105,
                  103
                ]
              }
            ]
          }
        },
        {
          "name": "usdc_mint"
        },
        {
          "name": "distributor_vault"
        },
        {
          "name": "pool_weekly"
        },
        {
          "name": "pool_monthly"
        },
        {
          "name": "pool_staking"
        },
        {
          "name": "pool_liquidity"
        },
        {
          "name": "pool_team"
        },
        {
          "name": "distributor_authority",
          "pda": {
            "seeds": [
              {
                "kind": "const",
                "value": [
                  100,
                  105,
                  115,
                  116,
                  114,
                  105,
                  98,
                  117,
                  116,
                  111,
                  114,
                  45,
                  97,
                  117,
                  116,
                  104,
                  111,
                  114,
                  105,
                  116,
                  121
                ]
              },
              {
                "kind": "account",
                "path": "config"
              }
            ]
          }
        },
        {
          "name": "system_program",
          "address": "11111111111111111111111111111111"
        },
        {
          "name": "token_program"
        }
      ],
      "args": [
        {
          "name": "bps_weekly",
          "type": "u16"
        },
        {
          "name": "bps_monthly",
          "type": "u16"
        },
        {
          "name": "bps_staking",
          "type": "u16"
        },
        {
          "name": "bps_liquidity",
          "type": "u16"
        },
        {
          "name": "bps_team",
          "type": "u16"
        },
        {
          "name": "min_distribute_interval",
          "type": "i64"
        }
      ]
    },
    {
      "name": "update_ratio",
      "docs": [
        "修改 BPS（管理员）"
      ],
      "discriminator": [
        9,
        216,
        93,
        138,
        38,
        138,
        175,
        193
      ],
      "accounts": [
        {
          "name": "admin",
          "signer": true
        },
        {
          "name": "config",
          "writable": true,
          "pda": {
            "seeds": [
              {
                "kind": "const",
                "value": [
                  100,
                  105,
                  115,
                  116,
                  114,
                  105,
                  98,
                  117,
                  116,
                  111,
                  114,
                  45,
                  99,
                  111,
                  110,
                  102,
                  105,
                  103
                ]
              }
            ]
          }
        }
      ],
      "args": [
        {
          "name": "w",
          "type": "u16"
        },
        {
          "name": "m",
          "type": "u16"
        },
        {
          "name": "s",
          "type": "u16"
        },
        {
          "name": "l",
          "type": "u16"
        },
        {
          "name": "t",
          "type": "u16"
        }
      ]
    }
  ],
  "accounts": [
    {
      "name": "DistributorConfig",
      "discriminator": [
        1,
        212,
        77,
        40,
        77,
        148,
        78,
        65
      ]
    }
  ],
  "events": [
    {
      "name": "Distributed",
      "discriminator": [
        10,
        212,
        24,
        78,
        35,
        202,
        182,
        134
      ]
    },
    {
      "name": "RatioUpdated",
      "discriminator": [
        166,
        187,
        122,
        194,
        25,
        164,
        101,
        16
      ]
    }
  ],
  "errors": [
    {
      "code": 6000,
      "name": "BpsOverflow",
      "msg": "Sum of BPS exceeds 10000"
    },
    {
      "code": 6001,
      "name": "TooFrequent",
      "msg": "Too frequent operation"
    },
    {
      "code": 6002,
      "name": "InvalidMint",
      "msg": "Invalid mint"
    },
    {
      "code": 6003,
      "name": "EmptyVault",
      "msg": "Empty vault"
    },
    {
      "code": 6004,
      "name": "MathOverflow",
      "msg": "Math overflow"
    },
    {
      "code": 6005,
      "name": "Unauthorized",
      "msg": "Unauthorized"
    },
    {
      "code": 6006,
      "name": "InvalidParam",
      "msg": "Invalid parameter"
    }
  ],
  "types": [
    {
      "name": "Distributed",
      "type": {
        "kind": "struct",
        "fields": [
          {
            "name": "ts",
            "type": "i64"
          },
          {
            "name": "total",
            "type": "u64"
          },
          {
            "name": "weekly",
            "type": "u64"
          },
          {
            "name": "monthly",
            "type": "u64"
          },
          {
            "name": "staking",
            "type": "u64"
          },
          {
            "name": "liquidity",
            "type": "u64"
          },
          {
            "name": "team",
            "type": "u64"
          }
        ]
      }
    },
    {
      "name": "DistributorConfig",
      "type": {
        "kind": "struct",
        "fields": [
          {
            "name": "admin",
            "type": "pubkey"
          },
          {
            "name": "usdc_mint",
            "type": "pubkey"
          },
          {
            "name": "distributor_vault",
            "type": "pubkey"
          },
          {
            "name": "bps_weekly",
            "type": "u16"
          },
          {
            "name": "bps_monthly",
            "type": "u16"
          },
          {
            "name": "bps_staking",
            "type": "u16"
          },
          {
            "name": "bps_liquidity",
            "type": "u16"
          },
          {
            "name": "bps_team",
            "type": "u16"
          },
          {
            "name": "pool_weekly",
            "type": "pubkey"
          },
          {
            "name": "pool_monthly",
            "type": "pubkey"
          },
          {
            "name": "pool_staking",
            "type": "pubkey"
          },
          {
            "name": "pool_liquidity",
            "type": "pubkey"
          },
          {
            "name": "pool_team",
            "type": "pubkey"
          },
          {
            "name": "min_distribute_interval",
            "type": "i64"
          },
          {
            "name": "last_distribute_time",
            "type": "i64"
          },
          {
            "name": "bump_config",
            "type": "u8"
          },
          {
            "name": "bump_auth",
            "type": "u8"
          },
          {
            "name": "_reserved",
            "type": {
              "array": [
                "u8",
                6
              ]
            }
          }
        ]
      }
    },
    {
      "name": "RatioUpdated",
      "type": {
        "kind": "struct",
        "fields": [
          {
            "name": "ts",
            "type": "i64"
          },
          {
            "name": "weekly",
            "type": "u16"
          },
          {
            "name": "monthly",
            "type": "u16"
          },
          {
            "name": "staking",
            "type": "u16"
          },
          {
            "name": "liquidity",
            "type": "u16"
          },
          {
            "name": "team",
            "type": "u16"
          }
        ]
      }
    }
  ]
}